Campaign,Ad group,Keyword,Match type,Current final URL,Recommended final URL,Action,Reason
yearlycampaign,English_Ad_Group #2,high school english tutoring near me,Exact,https://growwiseschool.org/academic/english,,Pause keyword,Current English landing page is Grades 1-8 and does not strongly match high-school English intent.
yearlycampaign,English_Ad_Group #2,Reading Comprehension Camps,Phrase,https://growwiseschool.org/academic/english,https://growwiseschool.org/camps/summer-reading-writing-dublin-ca,Update final URL,Camp intent should land on the summer reading and writing camp page.
yearlycampaign,Assessment_July,kumon alternative,Exact,https://growwiseschool.org/book-assessment,https://growwiseschool.org/resources/kumon-alternative-dublin-ca,Update final URL,Competitor alternative query should land on the Kumon comparison resource page.
yearlycampaign,Assessment_July,mathnasium alternative,Exact,https://growwiseschool.org/book-assessment,https://growwiseschool.org/resources/mathnasium-alternative-dublin-pleasanton,Update final URL,Competitor alternative query should land on the Mathnasium comparison resource page.
yearlycampaign,Assessment_July,math tutoring pleasanton,Exact,https://growwiseschool.org/book-assessment,https://growwiseschool.org/academic/math,Update final URL,Math tutoring intent should land on the math programs page instead of assessment-only page.
yearlycampaign,Assessment_July,math tutoring dublin,Exact,https://growwiseschool.org/book-assessment,https://growwiseschool.org/academic/math,Update final URL,Math tutoring intent should land on the math programs page instead of assessment-only page.
yearlycampaign,Assessment_July,math tutor dublin ca,Exact,https://growwiseschool.org/book-assessment,https://growwiseschool.org/academic/math,Update final URL,Math tutor intent should land on the math programs page instead of assessment-only page.
yearlycampaign,Math_Ad_Group,math olympiad classes near me,Phrase,https://growwiseschool.org/academic/math,https://growwiseschool.org/camps/math-olympiad-camp-dublin-ca,Update final URL,Olympiad and competition intent has a dedicated Math Olympiad camp page.
yearlycampaign,Math_Ad_Group,math tutoring near me,Phrase,https://growwiseschool.org/camps/academic-summer-programs-dublin-ca,https://growwiseschool.org/academic/math,Update final URL,Year-round math tutoring intent should not land on the academic summer programs page.
